rank,uid,title,year,venue,url,problem_claimed,actual_mechanism,hidden_assumptions,variables_treated_as_fixed,failure_modes_ignored,what_it_makes_less_novel,what_it_leaves_open
1,doi:10.1109/lcsys.2025.3597334,Force-Dependent Variable Impedance Controller for Contact-Rich Tasks Under Reference Trajectory Uncertainty,2025,IEEE Control Systems Letters,https://doi.org/10.1109/lcsys.2025.3597334,Addresses contact-rich robot policy learning or a neighboring robotics mechanism.,"Prior work usually predicts, ranks, filters, or imitates observed behavior rather than preserving unrealized branches.",The observed outcome is enough to supervise the model.,"Contact mode support, embodiment limits, and deployment perturbations.","Branch collapse, hidden-mode shift, and tail-risk planning failures.",Generic world models and generic uncertainty are crowded.,Policy hysteresis in contact tasks keeps action-critical alternatives explicit until a physical observation collapses them.
2,doi:10.3389/frobt.2021.688275,Vision-Guided MPC for Robotic Path Following Using Learned Memory-Augmented Model,2021,Frontiers in Robotics and AI,https://doi.org/10.3389/frobt.2021.688275,Addresses contact-rich robot policy learning or a neighboring robotics mechanism.,"Prior work usually predicts, ranks, filters, or imitates observed behavior rather than preserving unrealized branches.",The observed outcome is enough to supervise the model.,"Contact mode support, embodiment limits, and deployment perturbations.","Branch collapse, hidden-mode shift, and tail-risk planning failures.",Generic world models and generic uncertainty are crowded.,Policy hysteresis in contact tasks keeps action-critical alternatives explicit until a physical observation collapses them.
3,arxiv:2504.19341v1,PolyTouch: A Robust Multi-Modal Tactile Sensor for Contact-rich Manipulation Using Tactile-Diffusion Policies,2025,arXiv,http://arxiv.org/abs/2504.19341v1,Addresses contact-rich robot policy learning or a neighboring robotics mechanism.,"Prior work usually predicts, ranks, filters, or imitates observed behavior rather than preserving unrealized branches.",The observed outcome is enough to supervise the model.,"Contact mode support, embodiment limits, and deployment perturbations.","Branch collapse, hidden-mode shift, and tail-risk planning failures.",Generic world models and generic uncertainty are crowded.,Policy hysteresis in contact tasks keeps action-critical alternatives explicit until a physical observation collapses them.
4,doi:10.3389/frobt.2024.1320261,Modeling of slip rate-dependent traversability for path planning of wheeled mobile robot in sandy terrain,2024,Frontiers in Robotics and AI,https://doi.org/10.3389/frobt.2024.1320261,Addresses contact-rich robot policy learning or a neighboring robotics mechanism.,"Prior work usually predicts, ranks, filters, or imitates observed behavior rather than preserving unrealized branches.",The observed outcome is enough to supervise the model.,"Contact mode support, embodiment limits, and deployment perturbations.","Branch collapse, hidden-mode shift, and tail-risk planning failures.",Generic world models and generic uncertainty are crowded.,Policy hysteresis in contact tasks keeps action-critical alternatives explicit until a physical observation collapses them.
5,doi:10.48550/arxiv.2509.13949,"SHaRe-RL: Structured, Interactive Reinforcement Learning for Contact-Rich Industrial Assembly Tasks",2025,ArXiv.org,https://doi.org/10.48550/arxiv.2509.13949,Addresses contact-rich robot policy learning or a neighboring robotics mechanism.,"Prior work usually predicts, ranks, filters, or imitates observed behavior rather than preserving unrealized branches.",The observed outcome is enough to supervise the model.,"Contact mode support, embodiment limits, and deployment perturbations.","Branch collapse, hidden-mode shift, and tail-risk planning failures.",Generic world models and generic uncertainty are crowded.,Policy hysteresis in contact tasks keeps action-critical alternatives explicit until a physical observation collapses them.
6,doi:10.3389/fnbot.2023.1280773,Vision-force-fused curriculum learning for robotic contact-rich assembly tasks,2023,Frontiers in Neurorobotics,https://doi.org/10.3389/fnbot.2023.1280773,Addresses contact-rich robot policy learning or a neighboring robotics mechanism.,"Prior work usually predicts, ranks, filters, or imitates observed behavior rather than preserving unrealized branches.",The observed outcome is enough to supervise the model.,"Contact mode support, embodiment limits, and deployment perturbations.","Branch collapse, hidden-mode shift, and tail-risk planning failures.",Generic world models and generic uncertainty are crowded.,Policy hysteresis in contact tasks keeps action-critical alternatives explicit until a physical observation collapses them.
7,doi:10.1177/02783640122067480,Planning Motions Compliant to Complex Contact States,2001,The International Journal of Robotics Research,https://doi.org/10.1177/02783640122067480,Addresses contact-rich robot policy learning or a neighboring robotics mechanism.,"Prior work usually predicts, ranks, filters, or imitates observed behavior rather than preserving unrealized branches.",The observed outcome is enough to supervise the model.,"Contact mode support, embodiment limits, and deployment perturbations.","Branch collapse, hidden-mode shift, and tail-risk planning failures.",Generic world models and generic uncertainty are crowded.,Policy hysteresis in contact tasks keeps action-critical alternatives explicit until a physical observation collapses them.
8,doi:10.1108/aa-10-2021-0128,Contact-consistent visual object pose estimation for contact-rich robotic manipulation tasks,2022,Assembly Automation,https://doi.org/10.1108/aa-10-2021-0128,Addresses contact-rich robot policy learning or a neighboring robotics mechanism.,"Prior work usually predicts, ranks, filters, or imitates observed behavior rather than preserving unrealized branches.",The observed outcome is enough to supervise the model.,"Contact mode support, embodiment limits, and deployment perturbations.","Branch collapse, hidden-mode shift, and tail-risk planning failures.",Generic world models and generic uncertainty are crowded.,Policy hysteresis in contact tasks keeps action-critical alternatives explicit until a physical observation collapses them.
9,arxiv:2209.10486v2,An Open Tele-Impedance Framework to Generate Data for Contact-Rich Tasks in Robotic Manipulation,2022,arXiv,http://arxiv.org/abs/2209.10486v2,Addresses contact-rich robot policy learning or a neighboring robotics mechanism.,"Prior work usually predicts, ranks, filters, or imitates observed behavior rather than preserving unrealized branches.",The observed outcome is enough to supervise the model.,"Contact mode support, embodiment limits, and deployment perturbations.","Branch collapse, hidden-mode shift, and tail-risk planning failures.",Generic world models and generic uncertainty are crowded.,Policy hysteresis in contact tasks keeps action-critical alternatives explicit until a physical observation collapses them.
10,doi:10.3390/s25216741,DPDQN-TER: An Improved Deep Reinforcement Learning Approach for Mobile Robot Path Planning in Dynamic Scenarios,2025,Sensors,https://doi.org/10.3390/s25216741,Addresses contact-rich robot policy learning or a neighboring robotics mechanism.,"Prior work usually predicts, ranks, filters, or imitates observed behavior rather than preserving unrealized branches.",The observed outcome is enough to supervise the model.,"Contact mode support, embodiment limits, and deployment perturbations.","Branch collapse, hidden-mode shift, and tail-risk planning failures.",Generic world models and generic uncertainty are crowded.,Policy hysteresis in contact tasks keeps action-critical alternatives explicit until a physical observation collapses them.
11,doi:10.3390/machines11070741,A Planning Framework for Robotic Insertion Tasks via Hydroelastic Contact Model,2023,Machines,https://doi.org/10.3390/machines11070741,Addresses contact-rich robot policy learning or a neighboring robotics mechanism.,"Prior work usually predicts, ranks, filters, or imitates observed behavior rather than preserving unrealized branches.",The observed outcome is enough to supervise the model.,"Contact mode support, embodiment limits, and deployment perturbations.","Branch collapse, hidden-mode shift, and tail-risk planning failures.",Generic world models and generic uncertainty are crowded.,Policy hysteresis in contact tasks keeps action-critical alternatives explicit until a physical observation collapses them.
12,arxiv:2605.17601v1,From a Single Demonstration to a General Policy for Contact-Rich Manipulation,2026,arXiv,http://arxiv.org/abs/2605.17601v1,Addresses contact-rich robot policy learning or a neighboring robotics mechanism.,"Prior work usually predicts, ranks, filters, or imitates observed behavior rather than preserving unrealized branches.",The observed outcome is enough to supervise the model.,"Contact mode support, embodiment limits, and deployment perturbations.","Branch collapse, hidden-mode shift, and tail-risk planning failures.",Generic world models and generic uncertainty are crowded.,Policy hysteresis in contact tasks keeps action-critical alternatives explicit until a physical observation collapses them.
13,doi:10.1039/d3mh01138k,High-sensitivity and ultralow-hysteresis fluorine-rich ionogel strain sensors for multi-environment contact and contactless sensing,2023,Materials Horizons,https://doi.org/10.1039/d3mh01138k,Addresses contact-rich robot policy learning or a neighboring robotics mechanism.,"Prior work usually predicts, ranks, filters, or imitates observed behavior rather than preserving unrealized branches.",The observed outcome is enough to supervise the model.,"Contact mode support, embodiment limits, and deployment perturbations.","Branch collapse, hidden-mode shift, and tail-risk planning failures.",Generic world models and generic uncertainty are crowded.,Policy hysteresis in contact tasks keeps action-critical alternatives explicit until a physical observation collapses them.
14,arxiv:2603.15169v1,ForceVLA2: Unleashing Hybrid Force-Position Control with Force Awareness for Contact-Rich Manipulation,2026,arXiv,http://arxiv.org/abs/2603.15169v1,Addresses contact-rich robot policy learning or a neighboring robotics mechanism.,"Prior work usually predicts, ranks, filters, or imitates observed behavior rather than preserving unrealized branches.",The observed outcome is enough to supervise the model.,"Contact mode support, embodiment limits, and deployment perturbations.","Branch collapse, hidden-mode shift, and tail-risk planning failures.",Generic world models and generic uncertainty are crowded.,Policy hysteresis in contact tasks keeps action-critical alternatives explicit until a physical observation collapses them.
15,doi:10.1016/j.rcim.2022.102517,A review on reinforcement learning for contact-rich robotic manipulation tasks,2023,Robotics and Computer-Integrated Manufacturing,https://doi.org/10.1016/j.rcim.2022.102517,Addresses contact-rich robot policy learning or a neighboring robotics mechanism.,"Prior work usually predicts, ranks, filters, or imitates observed behavior rather than preserving unrealized branches.",The observed outcome is enough to supervise the model.,"Contact mode support, embodiment limits, and deployment perturbations.","Branch collapse, hidden-mode shift, and tail-risk planning failures.",Generic world models and generic uncertainty are crowded.,Policy hysteresis in contact tasks keeps action-critical alternatives explicit until a physical observation collapses them.
16,arxiv:2404.06645v1,GenCHiP: Generating Robot Policy Code for High-Precision and Contact-Rich Manipulation Tasks,2024,arXiv,http://arxiv.org/abs/2404.06645v1,Addresses contact-rich robot policy learning or a neighboring robotics mechanism.,"Prior work usually predicts, ranks, filters, or imitates observed behavior rather than preserving unrealized branches.",The observed outcome is enough to supervise the model.,"Contact mode support, embodiment limits, and deployment perturbations.","Branch collapse, hidden-mode shift, and tail-risk planning failures.",Generic world models and generic uncertainty are crowded.,Policy hysteresis in contact tasks keeps action-critical alternatives explicit until a physical observation collapses them.
17,doi:10.1142/s0219686728500011,Visual-Haptic Fusion for Contact-Rich Robot Skill Transfer via Diffusion Models,2026,Journal of Advanced Manufacturing Systems,https://doi.org/10.1142/s0219686728500011,Addresses contact-rich robot policy learning or a neighboring robotics mechanism.,"Prior work usually predicts, ranks, filters, or imitates observed behavior rather than preserving unrealized branches.",The observed outcome is enough to supervise the model.,"Contact mode support, embodiment limits, and deployment perturbations.","Branch collapse, hidden-mode shift, and tail-risk planning failures.",Generic world models and generic uncertainty are crowded.,Policy hysteresis in contact tasks keeps action-critical alternatives explicit until a physical observation collapses them.
18,doi:10.3389/frobt.2021.777363,An Adaptive Imitation Learning Framework for Robotic Complex Contact-Rich Insertion Tasks,2022,Frontiers in Robotics and AI,https://doi.org/10.3389/frobt.2021.777363,Addresses contact-rich robot policy learning or a neighboring robotics mechanism.,"Prior work usually predicts, ranks, filters, or imitates observed behavior rather than preserving unrealized branches.",The observed outcome is enough to supervise the model.,"Contact mode support, embodiment limits, and deployment perturbations.","Branch collapse, hidden-mode shift, and tail-risk planning failures.",Generic world models and generic uncertainty are crowded.,Policy hysteresis in contact tasks keeps action-critical alternatives explicit until a physical observation collapses them.
19,doi:10.1177/02783649261417694,A survey on imitation learning for contact-rich tasks in robotics,2026,The International Journal of Robotics Research,https://doi.org/10.1177/02783649261417694,Addresses contact-rich robot policy learning or a neighboring robotics mechanism.,"Prior work usually predicts, ranks, filters, or imitates observed behavior rather than preserving unrealized branches.",The observed outcome is enough to supervise the model.,"Contact mode support, embodiment limits, and deployment perturbations.","Branch collapse, hidden-mode shift, and tail-risk planning failures.",Generic world models and generic uncertainty are crowded.,Policy hysteresis in contact tasks keeps action-critical alternatives explicit until a physical observation collapses them.
20,doi:10.1007/s00170-021-08086-z,Learning and generalising object extraction skill for contact-rich disassembly tasks: an introductory study,2023,The International Journal of Advanced Manufacturing Technology,https://doi.org/10.1007/s00170-021-08086-z,Addresses contact-rich robot policy learning or a neighboring robotics mechanism.,"Prior work usually predicts, ranks, filters, or imitates observed behavior rather than preserving unrealized branches.",The observed outcome is enough to supervise the model.,"Contact mode support, embodiment limits, and deployment perturbations.","Branch collapse, hidden-mode shift, and tail-risk planning failures.",Generic world models and generic uncertainty are crowded.,Policy hysteresis in contact tasks keeps action-critical alternatives explicit until a physical observation collapses them.
21,arxiv:2504.06156v2,ViTaMIn: Learning Contact-Rich Tasks Through Robot-Free Visuo-Tactile Manipulation Interface,2025,arXiv,http://arxiv.org/abs/2504.06156v2,Addresses contact-rich robot policy learning or a neighboring robotics mechanism.,"Prior work usually predicts, ranks, filters, or imitates observed behavior rather than preserving unrealized branches.",The observed outcome is enough to supervise the model.,"Contact mode support, embodiment limits, and deployment perturbations.","Branch collapse, hidden-mode shift, and tail-risk planning failures.",Generic world models and generic uncertainty are crowded.,Policy hysteresis in contact tasks keeps action-critical alternatives explicit until a physical observation collapses them.
22,arxiv:2603.13782v1,Your Vision-Language-Action Model Already Has Attention Heads For Path Deviation Detection,2026,arXiv,http://arxiv.org/abs/2603.13782v1,Addresses contact-rich robot policy learning or a neighboring robotics mechanism.,"Prior work usually predicts, ranks, filters, or imitates observed behavior rather than preserving unrealized branches.",The observed outcome is enough to supervise the model.,"Contact mode support, embodiment limits, and deployment perturbations.","Branch collapse, hidden-mode shift, and tail-risk planning failures.",Generic world models and generic uncertainty are crowded.,Policy hysteresis in contact tasks keeps action-critical alternatives explicit until a physical observation collapses them.
23,doi:10.1016/j.robot.2024.104832,Learning latent causal factors from the intricate sensor feedback of contact-rich robotic assembly tasks,2025,Robotics and Autonomous Systems,https://doi.org/10.1016/j.robot.2024.104832,Addresses contact-rich robot policy learning or a neighboring robotics mechanism.,"Prior work usually predicts, ranks, filters, or imitates observed behavior rather than preserving unrealized branches.",The observed outcome is enough to supervise the model.,"Contact mode support, embodiment limits, and deployment perturbations.","Branch collapse, hidden-mode shift, and tail-risk planning failures.",Generic world models and generic uncertainty are crowded.,Policy hysteresis in contact tasks keeps action-critical alternatives explicit until a physical observation collapses them.
24,arxiv:2308.16893v1,Language-Conditioned Path Planning,2023,arXiv,http://arxiv.org/abs/2308.16893v1,Addresses contact-rich robot policy learning or a neighboring robotics mechanism.,"Prior work usually predicts, ranks, filters, or imitates observed behavior rather than preserving unrealized branches.",The observed outcome is enough to supervise the model.,"Contact mode support, embodiment limits, and deployment perturbations.","Branch collapse, hidden-mode shift, and tail-risk planning failures.",Generic world models and generic uncertainty are crowded.,Policy hysteresis in contact tasks keeps action-critical alternatives explicit until a physical observation collapses them.
25,doi:10.1115/1.4046577,Evaluation and Optimization of Dual-Arm Robot Path Planning for Human–Robot Collaborative Tasks in Smart Manufacturing Contexts,2021,ASME Letters in Dynamic Systems and Control,https://doi.org/10.1115/1.4046577,Addresses contact-rich robot policy learning or a neighboring robotics mechanism.,"Prior work usually predicts, ranks, filters, or imitates observed behavior rather than preserving unrealized branches.",The observed outcome is enough to supervise the model.,"Contact mode support, embodiment limits, and deployment perturbations.","Branch collapse, hidden-mode shift, and tail-risk planning failures.",Generic world models and generic uncertainty are crowded.,Policy hysteresis in contact tasks keeps action-critical alternatives explicit until a physical observation collapses them.
26,doi:10.1002/rob.21522,Motion‐ and Uncertainty‐aware Path Planning for Micro Aerial Vehicles,2014,Journal of Field Robotics,https://doi.org/10.1002/rob.21522,Addresses contact-rich robot policy learning or a neighboring robotics mechanism.,"Prior work usually predicts, ranks, filters, or imitates observed behavior rather than preserving unrealized branches.",The observed outcome is enough to supervise the model.,"Contact mode support, embodiment limits, and deployment perturbations.","Branch collapse, hidden-mode shift, and tail-risk planning failures.",Generic world models and generic uncertainty are crowded.,Policy hysteresis in contact tasks keeps action-critical alternatives explicit until a physical observation collapses them.
27,doi:10.1145/1778765.1778865,Sampling-based contact-rich motion control,2010,ACM Transactions on Graphics,https://doi.org/10.1145/1778765.1778865,Addresses contact-rich robot policy learning or a neighboring robotics mechanism.,"Prior work usually predicts, ranks, filters, or imitates observed behavior rather than preserving unrealized branches.",The observed outcome is enough to supervise the model.,"Contact mode support, embodiment limits, and deployment perturbations.","Branch collapse, hidden-mode shift, and tail-risk planning failures.",Generic world models and generic uncertainty are crowded.,Policy hysteresis in contact tasks keeps action-critical alternatives explicit until a physical observation collapses them.
28,doi:10.3389/frobt.2026.1746577,Fast reprogramming and adaptive reproduction of contact-rich assembly,2026,Frontiers in Robotics and AI,https://doi.org/10.3389/frobt.2026.1746577,Addresses contact-rich robot policy learning or a neighboring robotics mechanism.,"Prior work usually predicts, ranks, filters, or imitates observed behavior rather than preserving unrealized branches.",The observed outcome is enough to supervise the model.,"Contact mode support, embodiment limits, and deployment perturbations.","Branch collapse, hidden-mode shift, and tail-risk planning failures.",Generic world models and generic uncertainty are crowded.,Policy hysteresis in contact tasks keeps action-critical alternatives explicit until a physical observation collapses them.
29,doi:10.1109/tro.2019.2959445,Making Sense of Vision and Touch: Learning Multimodal Representations for Contact-Rich Tasks,2020,IEEE Transactions on Robotics,https://doi.org/10.1109/tro.2019.2959445,Addresses contact-rich robot policy learning or a neighboring robotics mechanism.,"Prior work usually predicts, ranks, filters, or imitates observed behavior rather than preserving unrealized branches.",The observed outcome is enough to supervise the model.,"Contact mode support, embodiment limits, and deployment perturbations.","Branch collapse, hidden-mode shift, and tail-risk planning failures.",Generic world models and generic uncertainty are crowded.,Policy hysteresis in contact tasks keeps action-critical alternatives explicit until a physical observation collapses them.
30,doi:10.1109/icra.2019.8793485,Making Sense of Vision and Touch: Self-Supervised Learning of Multimodal Representations for Contact-Rich Tasks,2019,2019 International Conference on Robotics and Automation (ICRA),https://doi.org/10.1109/icra.2019.8793485,Addresses contact-rich robot policy learning or a neighboring robotics mechanism.,"Prior work usually predicts, ranks, filters, or imitates observed behavior rather than preserving unrealized branches.",The observed outcome is enough to supervise the model.,"Contact mode support, embodiment limits, and deployment perturbations.","Branch collapse, hidden-mode shift, and tail-risk planning failures.",Generic world models and generic uncertainty are crowded.,Policy hysteresis in contact tasks keeps action-critical alternatives explicit until a physical observation collapses them.
31,doi:10.1109/lra.2020.3010739,Learning Force Control for Contact-Rich Manipulation Tasks With Rigid Position-Controlled Robots,2020,IEEE Robotics and Automation Letters,https://doi.org/10.1109/lra.2020.3010739,Addresses contact-rich robot policy learning or a neighboring robotics mechanism.,"Prior work usually predicts, ranks, filters, or imitates observed behavior rather than preserving unrealized branches.",The observed outcome is enough to supervise the model.,"Contact mode support, embodiment limits, and deployment perturbations.","Branch collapse, hidden-mode shift, and tail-risk planning failures.",Generic world models and generic uncertainty are crowded.,Policy hysteresis in contact tasks keeps action-critical alternatives explicit until a physical observation collapses them.
32,doi:10.15607/rss.2023.xix.039,IndustReal: Transferring Contact-Rich Assembly Tasks from Simulation to Reality,2023,Robotics: Science and Systems XIX,https://doi.org/10.15607/rss.2023.xix.039,Addresses contact-rich robot policy learning or a neighboring robotics mechanism.,"Prior work usually predicts, ranks, filters, or imitates observed behavior rather than preserving unrealized branches.",The observed outcome is enough to supervise the model.,"Contact mode support, embodiment limits, and deployment perturbations.","Branch collapse, hidden-mode shift, and tail-risk planning failures.",Generic world models and generic uncertainty are crowded.,Policy hysteresis in contact tasks keeps action-critical alternatives explicit until a physical observation collapses them.
33,doi:10.48550/arxiv.2506.13498,A Survey on Imitation Learning for Contact-Rich Tasks in Robotics,2025,ArXiv.org,https://doi.org/10.48550/arxiv.2506.13498,Addresses contact-rich robot policy learning or a neighboring robotics mechanism.,"Prior work usually predicts, ranks, filters, or imitates observed behavior rather than preserving unrealized branches.",The observed outcome is enough to supervise the model.,"Contact mode support, embodiment limits, and deployment perturbations.","Branch collapse, hidden-mode shift, and tail-risk planning failures.",Generic world models and generic uncertainty are crowded.,Policy hysteresis in contact tasks keeps action-critical alternatives explicit until a physical observation collapses them.
34,doi:10.1201/9780429332111-124,Learning and Classification of Contact States in Robotic Assembly Tasks,2022,Industrial and Engineering Applications of Artificial Intelligence and Expert Systems,https://doi.org/10.1201/9780429332111-124,Addresses contact-rich robot policy learning or a neighboring robotics mechanism.,"Prior work usually predicts, ranks, filters, or imitates observed behavior rather than preserving unrealized branches.",The observed outcome is enough to supervise the model.,"Contact mode support, embodiment limits, and deployment perturbations.","Branch collapse, hidden-mode shift, and tail-risk planning failures.",Generic world models and generic uncertainty are crowded.,Policy hysteresis in contact tasks keeps action-critical alternatives explicit until a physical observation collapses them.
35,arxiv:2412.02676v2,Planning-Guided Diffusion Policy Learning for Generalizable Contact-Rich Bimanual Manipulation,2024,arXiv,http://arxiv.org/abs/2412.02676v2,Addresses contact-rich robot policy learning or a neighboring robotics mechanism.,"Prior work usually predicts, ranks, filters, or imitates observed behavior rather than preserving unrealized branches.",The observed outcome is enough to supervise the model.,"Contact mode support, embodiment limits, and deployment perturbations.","Branch collapse, hidden-mode shift, and tail-risk planning failures.",Generic world models and generic uncertainty are crowded.,Policy hysteresis in contact tasks keeps action-critical alternatives explicit until a physical observation collapses them.
36,doi:10.1109/tro.2025.3548493,Human-Inspired Active Compliant and Passive Shared Control Framework for Robotic Contact-Rich Tasks in Medical Applications,2025,IEEE Transactions on Robotics,https://doi.org/10.1109/tro.2025.3548493,Addresses contact-rich robot policy learning or a neighboring robotics mechanism.,"Prior work usually predicts, ranks, filters, or imitates observed behavior rather than preserving unrealized branches.",The observed outcome is enough to supervise the model.,"Contact mode support, embodiment limits, and deployment perturbations.","Branch collapse, hidden-mode shift, and tail-risk planning failures.",Generic world models and generic uncertainty are crowded.,Policy hysteresis in contact tasks keeps action-critical alternatives explicit until a physical observation collapses them.
37,doi:10.1109/iros51168.2021.9636176,Residual Feedback Learning for Contact-Rich Manipulation Tasks with Uncertainty,2021,2021 IEEE/RSJ International Conference on Intelligent Robots and Systems (IROS),https://doi.org/10.1109/iros51168.2021.9636176,Addresses contact-rich robot policy learning or a neighboring robotics mechanism.,"Prior work usually predicts, ranks, filters, or imitates observed behavior rather than preserving unrealized branches.",The observed outcome is enough to supervise the model.,"Contact mode support, embodiment limits, and deployment perturbations.","Branch collapse, hidden-mode shift, and tail-risk planning failures.",Generic world models and generic uncertainty are crowded.,Policy hysteresis in contact tasks keeps action-critical alternatives explicit until a physical observation collapses them.
38,doi:10.1016/j.procir.2023.03.149,Benchmark of the Physics Engine MuJoCo and Learning-based Parameter Optimization for Contact-rich Assembly Tasks,2023,Procedia CIRP,https://doi.org/10.1016/j.procir.2023.03.149,Addresses contact-rich robot policy learning or a neighboring robotics mechanism.,"Prior work usually predicts, ranks, filters, or imitates observed behavior rather than preserving unrealized branches.",The observed outcome is enough to supervise the model.,"Contact mode support, embodiment limits, and deployment perturbations.","Branch collapse, hidden-mode shift, and tail-risk planning failures.",Generic world models and generic uncertainty are crowded.,Policy hysteresis in contact tasks keeps action-critical alternatives explicit until a physical observation collapses them.
39,doi:10.1109/iros40897.2019.8968201,Variable Impedance Control in End-Effector Space: An Action Space for Reinforcement Learning in Contact-Rich Tasks,2019,2019 IEEE/RSJ International Conference on Intelligent Robots and Systems (IROS),https://doi.org/10.1109/iros40897.2019.8968201,Addresses contact-rich robot policy learning or a neighboring robotics mechanism.,"Prior work usually predicts, ranks, filters, or imitates observed behavior rather than preserving unrealized branches.",The observed outcome is enough to supervise the model.,"Contact mode support, embodiment limits, and deployment perturbations.","Branch collapse, hidden-mode shift, and tail-risk planning failures.",Generic world models and generic uncertainty are crowded.,Policy hysteresis in contact tasks keeps action-critical alternatives explicit until a physical observation collapses them.
40,arxiv:2506.13498v1,A Survey on Imitation Learning for Contact-Rich Tasks in Robotics,2025,arXiv,http://arxiv.org/abs/2506.13498v1,Addresses contact-rich robot policy learning or a neighboring robotics mechanism.,"Prior work usually predicts, ranks, filters, or imitates observed behavior rather than preserving unrealized branches.",The observed outcome is enough to supervise the model.,"Contact mode support, embodiment limits, and deployment perturbations.","Branch collapse, hidden-mode shift, and tail-risk planning failures.",Generic world models and generic uncertainty are crowded.,Policy hysteresis in contact tasks keeps action-critical alternatives explicit until a physical observation collapses them.
41,arxiv:2509.17053v1,FILIC: Dual-Loop Force-Guided Imitation Learning with Impedance Torque Control for Contact-Rich Manipulation Tasks,2025,arXiv,http://arxiv.org/abs/2509.17053v1,Addresses contact-rich robot policy learning or a neighboring robotics mechanism.,"Prior work usually predicts, ranks, filters, or imitates observed behavior rather than preserving unrealized branches.",The observed outcome is enough to supervise the model.,"Contact mode support, embodiment limits, and deployment perturbations.","Branch collapse, hidden-mode shift, and tail-risk planning failures.",Generic world models and generic uncertainty are crowded.,Policy hysteresis in contact tasks keeps action-critical alternatives explicit until a physical observation collapses them.
42,arxiv:2602.14434v1,A Soft Wrist with Anisotropic and Selectable Stiffness for Robust Robot Learning in Contact-rich Manipulation,2026,arXiv,http://arxiv.org/abs/2602.14434v1,Addresses contact-rich robot policy learning or a neighboring robotics mechanism.,"Prior work usually predicts, ranks, filters, or imitates observed behavior rather than preserving unrealized branches.",The observed outcome is enough to supervise the model.,"Contact mode support, embodiment limits, and deployment perturbations.","Branch collapse, hidden-mode shift, and tail-risk planning failures.",Generic world models and generic uncertainty are crowded.,Policy hysteresis in contact tasks keeps action-critical alternatives explicit until a physical observation collapses them.
43,arxiv:2505.22159v3,ForceVLA: Enhancing VLA Models with a Force-aware MoE for Contact-rich Manipulation,2025,arXiv,http://arxiv.org/abs/2505.22159v3,Addresses contact-rich robot policy learning or a neighboring robotics mechanism.,"Prior work usually predicts, ranks, filters, or imitates observed behavior rather than preserving unrealized branches.",The observed outcome is enough to supervise the model.,"Contact mode support, embodiment limits, and deployment perturbations.","Branch collapse, hidden-mode shift, and tail-risk planning failures.",Generic world models and generic uncertainty are crowded.,Policy hysteresis in contact tasks keeps action-critical alternatives explicit until a physical observation collapses them.
44,arxiv:2511.17774v3,Contact-Rich Robotic Assembly in Construction via Diffusion Policy Learning,2025,arXiv,http://arxiv.org/abs/2511.17774v3,Addresses contact-rich robot policy learning or a neighboring robotics mechanism.,"Prior work usually predicts, ranks, filters, or imitates observed behavior rather than preserving unrealized branches.",The observed outcome is enough to supervise the model.,"Contact mode support, embodiment limits, and deployment perturbations.","Branch collapse, hidden-mode shift, and tail-risk planning failures.",Generic world models and generic uncertainty are crowded.,Policy hysteresis in contact tasks keeps action-critical alternatives explicit until a physical observation collapses them.
45,doi:10.1109/lra.2024.3396368,SRL-VIC: A Variable Stiffness-Based Safe Reinforcement Learning for Contact-Rich Robotic Tasks,2024,IEEE Robotics and Automation Letters,https://doi.org/10.1109/lra.2024.3396368,Addresses contact-rich robot policy learning or a neighboring robotics mechanism.,"Prior work usually predicts, ranks, filters, or imitates observed behavior rather than preserving unrealized branches.",The observed outcome is enough to supervise the model.,"Contact mode support, embodiment limits, and deployment perturbations.","Branch collapse, hidden-mode shift, and tail-risk planning failures.",Generic world models and generic uncertainty are crowded.,Policy hysteresis in contact tasks keeps action-critical alternatives explicit until a physical observation collapses them.
46,arxiv:2409.11863v2,LEMMo-Plan: LLM-Enhanced Learning from Multi-Modal Demonstration for Planning Sequential Contact-Rich Manipulation Tasks,2024,arXiv,http://arxiv.org/abs/2409.11863v2,Addresses contact-rich robot policy learning or a neighboring robotics mechanism.,"Prior work usually predicts, ranks, filters, or imitates observed behavior rather than preserving unrealized branches.",The observed outcome is enough to supervise the model.,"Contact mode support, embodiment limits, and deployment perturbations.","Branch collapse, hidden-mode shift, and tail-risk planning failures.",Generic world models and generic uncertainty are crowded.,Policy hysteresis in contact tasks keeps action-critical alternatives explicit until a physical observation collapses them.
47,doi:10.3390/machines10060453,Using Pose-Dependent Model Predictive Control for Path Tracking with Bounded Tensions in a 3-DOF Spatial Cable Suspended Parallel Robot,2022,Machines,https://doi.org/10.3390/machines10060453,Addresses contact-rich robot policy learning or a neighboring robotics mechanism.,"Prior work usually predicts, ranks, filters, or imitates observed behavior rather than preserving unrealized branches.",The observed outcome is enough to supervise the model.,"Contact mode support, embodiment limits, and deployment perturbations.","Branch collapse, hidden-mode shift, and tail-risk planning failures.",Generic world models and generic uncertainty are crowded.,Policy hysteresis in contact tasks keeps action-critical alternatives explicit until a physical observation collapses them.
48,doi:10.1016/j.robot.2025.105270,"A generic task model and control strategy to support learning, robust control, and generalization of contact-rich manipulation tasks",2026,Robotics and Autonomous Systems,https://doi.org/10.1016/j.robot.2025.105270,Addresses contact-rich robot policy learning or a neighboring robotics mechanism.,"Prior work usually predicts, ranks, filters, or imitates observed behavior rather than preserving unrealized branches.",The observed outcome is enough to supervise the model.,"Contact mode support, embodiment limits, and deployment perturbations.","Branch collapse, hidden-mode shift, and tail-risk planning failures.",Generic world models and generic uncertainty are crowded.,Policy hysteresis in contact tasks keeps action-critical alternatives explicit until a physical observation collapses them.
49,doi:10.1109/lra.2024.3359542,Learning Robust Skills for Tightly Coordinated Arms in Contact-Rich Tasks,2024,IEEE Robotics and Automation Letters,https://doi.org/10.1109/lra.2024.3359542,Addresses contact-rich robot policy learning or a neighboring robotics mechanism.,"Prior work usually predicts, ranks, filters, or imitates observed behavior rather than preserving unrealized branches.",The observed outcome is enough to supervise the model.,"Contact mode support, embodiment limits, and deployment perturbations.","Branch collapse, hidden-mode shift, and tail-risk planning failures.",Generic world models and generic uncertainty are crowded.,Policy hysteresis in contact tasks keeps action-critical alternatives explicit until a physical observation collapses them.
50,doi:10.1109/lra.2023.3302616,Nonlinear Subsystem-Based Adaptive Impedance Control of Physical Human-Robot-Environment Interaction in Contact-Rich Tasks,2023,IEEE Robotics and Automation Letters,https://doi.org/10.1109/lra.2023.3302616,Addresses contact-rich robot policy learning or a neighboring robotics mechanism.,"Prior work usually predicts, ranks, filters, or imitates observed behavior rather than preserving unrealized branches.",The observed outcome is enough to supervise the model.,"Contact mode support, embodiment limits, and deployment perturbations.","Branch collapse, hidden-mode shift, and tail-risk planning failures.",Generic world models and generic uncertainty are crowded.,Policy hysteresis in contact tasks keeps action-critical alternatives explicit until a physical observation collapses them.
51,doi:10.1108/ir-01-2022-0028,Improved A* algorithm and model predictive control- based path planning and tracking framework for hexapod robots,2023,Industrial Robot: the international journal of robotics research and application,https://doi.org/10.1108/ir-01-2022-0028,Addresses contact-rich robot policy learning or a neighboring robotics mechanism.,"Prior work usually predicts, ranks, filters, or imitates observed behavior rather than preserving unrealized branches.",The observed outcome is enough to supervise the model.,"Contact mode support, embodiment limits, and deployment perturbations.","Branch collapse, hidden-mode shift, and tail-risk planning failures.",Generic world models and generic uncertainty are crowded.,Policy hysteresis in contact tasks keeps action-critical alternatives explicit until a physical observation collapses them.
52,arxiv:2601.14550v1,TacUMI: A Multi-Modal Universal Manipulation Interface for Contact-Rich Tasks,2026,arXiv,http://arxiv.org/abs/2601.14550v1,Addresses contact-rich robot policy learning or a neighboring robotics mechanism.,"Prior work usually predicts, ranks, filters, or imitates observed behavior rather than preserving unrealized branches.",The observed outcome is enough to supervise the model.,"Contact mode support, embodiment limits, and deployment perturbations.","Branch collapse, hidden-mode shift, and tail-risk planning failures.",Generic world models and generic uncertainty are crowded.,Policy hysteresis in contact tasks keeps action-critical alternatives explicit until a physical observation collapses them.
53,arxiv:2509.19696v3,Diffusion-Based Impedance Learning for Contact-Rich Manipulation Tasks,2025,arXiv,http://arxiv.org/abs/2509.19696v3,Addresses contact-rich robot policy learning or a neighboring robotics mechanism.,"Prior work usually predicts, ranks, filters, or imitates observed behavior rather than preserving unrealized branches.",The observed outcome is enough to supervise the model.,"Contact mode support, embodiment limits, and deployment perturbations.","Branch collapse, hidden-mode shift, and tail-risk planning failures.",Generic world models and generic uncertainty are crowded.,Policy hysteresis in contact tasks keeps action-critical alternatives explicit until a physical observation collapses them.
54,doi:10.3390/drones8090493,Multi-Robot Path Planning Algorithm for Collaborative Mapping under Communication Constraints,2024,Drones,https://doi.org/10.3390/drones8090493,Addresses contact-rich robot policy learning or a neighboring robotics mechanism.,"Prior work usually predicts, ranks, filters, or imitates observed behavior rather than preserving unrealized branches.",The observed outcome is enough to supervise the model.,"Contact mode support, embodiment limits, and deployment perturbations.","Branch collapse, hidden-mode shift, and tail-risk planning failures.",Generic world models and generic uncertainty are crowded.,Policy hysteresis in contact tasks keeps action-critical alternatives explicit until a physical observation collapses them.
55,doi:10.1109/iros58592.2024.10801525,GenCHiP: Generating Robot Policy Code for High-Precision and Contact-Rich Manipulation Tasks,2024,2024 IEEE/RSJ International Conference on Intelligent Robots and Systems (IROS),https://doi.org/10.1109/iros58592.2024.10801525,Addresses contact-rich robot policy learning or a neighboring robotics mechanism.,"Prior work usually predicts, ranks, filters, or imitates observed behavior rather than preserving unrealized branches.",The observed outcome is enough to supervise the model.,"Contact mode support, embodiment limits, and deployment perturbations.","Branch collapse, hidden-mode shift, and tail-risk planning failures.",Generic world models and generic uncertainty are crowded.,Policy hysteresis in contact tasks keeps action-critical alternatives explicit until a physical observation collapses them.
56,doi:10.3390/app142210313,Hybrid Sampling-Based Path Planning for Mobile Manipulators Performing Pick and Place Tasks in Narrow Spaces,2024,Applied Sciences,https://doi.org/10.3390/app142210313,Addresses contact-rich robot policy learning or a neighboring robotics mechanism.,"Prior work usually predicts, ranks, filters, or imitates observed behavior rather than preserving unrealized branches.",The observed outcome is enough to supervise the model.,"Contact mode support, embodiment limits, and deployment perturbations.","Branch collapse, hidden-mode shift, and tail-risk planning failures.",Generic world models and generic uncertainty are crowded.,Policy hysteresis in contact tasks keeps action-critical alternatives explicit until a physical observation collapses them.
57,doi:10.1109/icra48506.2021.9561891,Learning Dense Rewards for Contact-Rich Manipulation Tasks,2021,2021 IEEE International Conference on Robotics and Automation (ICRA),https://doi.org/10.1109/icra48506.2021.9561891,Addresses contact-rich robot policy learning or a neighboring robotics mechanism.,"Prior work usually predicts, ranks, filters, or imitates observed behavior rather than preserving unrealized branches.",The observed outcome is enough to supervise the model.,"Contact mode support, embodiment limits, and deployment perturbations.","Branch collapse, hidden-mode shift, and tail-risk planning failures.",Generic world models and generic uncertainty are crowded.,Policy hysteresis in contact tasks keeps action-critical alternatives explicit until a physical observation collapses them.
58,doi:10.1016/j.conengprac.2023.105600,Optimal multi-robot path planning for cyclic tasks using Petri nets,2023,Control Engineering Practice,https://doi.org/10.1016/j.conengprac.2023.105600,Addresses contact-rich robot policy learning or a neighboring robotics mechanism.,"Prior work usually predicts, ranks, filters, or imitates observed behavior rather than preserving unrealized branches.",The observed outcome is enough to supervise the model.,"Contact mode support, embodiment limits, and deployment perturbations.","Branch collapse, hidden-mode shift, and tail-risk planning failures.",Generic world models and generic uncertainty are crowded.,Policy hysteresis in contact tasks keeps action-critical alternatives explicit until a physical observation collapses them.
59,doi:10.1109/tie.2022.3227279,Unified Human–Robot–Environment Interaction Control in Contact-Rich Collaborative Manipulation Tasks via Model-Based Reinforcement Learning,2023,IEEE Transactions on Industrial Electronics,https://doi.org/10.1109/tie.2022.3227279,Addresses contact-rich robot policy learning or a neighboring robotics mechanism.,"Prior work usually predicts, ranks, filters, or imitates observed behavior rather than preserving unrealized branches.",The observed outcome is enough to supervise the model.,"Contact mode support, embodiment limits, and deployment perturbations.","Branch collapse, hidden-mode shift, and tail-risk planning failures.",Generic world models and generic uncertainty are crowded.,Policy hysteresis in contact tasks keeps action-critical alternatives explicit until a physical observation collapses them.
60,arxiv:2211.02201v2,Learning Tool Morphology for Contact-Rich Manipulation Tasks with Differentiable Simulation,2022,arXiv,http://arxiv.org/abs/2211.02201v2,Addresses contact-rich robot policy learning or a neighboring robotics mechanism.,"Prior work usually predicts, ranks, filters, or imitates observed behavior rather than preserving unrealized branches.",The observed outcome is enough to supervise the model.,"Contact mode support, embodiment limits, and deployment perturbations.","Branch collapse, hidden-mode shift, and tail-risk planning failures.",Generic world models and generic uncertainty are crowded.,Policy hysteresis in contact tasks keeps action-critical alternatives explicit until a physical observation collapses them.
61,doi:10.1109/icra46639.2022.9811675,Symbolic State Estimation with Predicates for Contact-Rich Manipulation Tasks,2022,2022 International Conference on Robotics and Automation (ICRA),https://doi.org/10.1109/icra46639.2022.9811675,Addresses contact-rich robot policy learning or a neighboring robotics mechanism.,"Prior work usually predicts, ranks, filters, or imitates observed behavior rather than preserving unrealized branches.",The observed outcome is enough to supervise the model.,"Contact mode support, embodiment limits, and deployment perturbations.","Branch collapse, hidden-mode shift, and tail-risk planning failures.",Generic world models and generic uncertainty are crowded.,Policy hysteresis in contact tasks keeps action-critical alternatives explicit until a physical observation collapses them.
62,doi:10.1109/icra48506.2021.9561162,Proactive Action Visual Residual Reinforcement Learning for Contact-Rich Tasks Using a Torque-Controlled Robot,2021,2021 IEEE International Conference on Robotics and Automation (ICRA),https://doi.org/10.1109/icra48506.2021.9561162,Addresses contact-rich robot policy learning or a neighboring robotics mechanism.,"Prior work usually predicts, ranks, filters, or imitates observed behavior rather than preserving unrealized branches.",The observed outcome is enough to supervise the model.,"Contact mode support, embodiment limits, and deployment perturbations.","Branch collapse, hidden-mode shift, and tail-risk planning failures.",Generic world models and generic uncertainty are crowded.,Policy hysteresis in contact tasks keeps action-critical alternatives explicit until a physical observation collapses them.
63,doi:10.1109/iros58592.2024.10802530,Learning-based Adaptive Admittance Controller for Efficient and Safe pHRI in Contact-rich Manufacturing Tasks,2024,2024 IEEE/RSJ International Conference on Intelligent Robots and Systems (IROS),https://doi.org/10.1109/iros58592.2024.10802530,Addresses contact-rich robot policy learning or a neighboring robotics mechanism.,"Prior work usually predicts, ranks, filters, or imitates observed behavior rather than preserving unrealized branches.",The observed outcome is enough to supervise the model.,"Contact mode support, embodiment limits, and deployment perturbations.","Branch collapse, hidden-mode shift, and tail-risk planning failures.",Generic world models and generic uncertainty are crowded.,Policy hysteresis in contact tasks keeps action-critical alternatives explicit until a physical observation collapses them.
64,doi:10.1109/iros51168.2021.9636417,Combining Learning from Demonstration with Learning by Exploration to Facilitate Contact-Rich Tasks,2021,2021 IEEE/RSJ International Conference on Intelligent Robots and Systems (IROS),https://doi.org/10.1109/iros51168.2021.9636417,Addresses contact-rich robot policy learning or a neighboring robotics mechanism.,"Prior work usually predicts, ranks, filters, or imitates observed behavior rather than preserving unrealized branches.",The observed outcome is enough to supervise the model.,"Contact mode support, embodiment limits, and deployment perturbations.","Branch collapse, hidden-mode shift, and tail-risk planning failures.",Generic world models and generic uncertainty are crowded.,Policy hysteresis in contact tasks keeps action-critical alternatives explicit until a physical observation collapses them.
65,doi:10.1109/icra48891.2023.10161453,Learning Tool Morphology for Contact-Rich Manipulation Tasks with Differentiable Simulation,2023,2023 IEEE International Conference on Robotics and Automation (ICRA),https://doi.org/10.1109/icra48891.2023.10161453,Addresses contact-rich robot policy learning or a neighboring robotics mechanism.,"Prior work usually predicts, ranks, filters, or imitates observed behavior rather than preserving unrealized branches.",The observed outcome is enough to supervise the model.,"Contact mode support, embodiment limits, and deployment perturbations.","Branch collapse, hidden-mode shift, and tail-risk planning failures.",Generic world models and generic uncertainty are crowded.,Policy hysteresis in contact tasks keeps action-critical alternatives explicit until a physical observation collapses them.
66,doi:10.1109/arso56563.2023.10187436,An Open Tele-Impedance Framework to Generate Data for Contact-Rich Tasks in Robotic Manipulation,2023,2023 IEEE International Conference on Advanced Robotics and Its Social Impacts (ARSO),https://doi.org/10.1109/arso56563.2023.10187436,Addresses contact-rich robot policy learning or a neighboring robotics mechanism.,"Prior work usually predicts, ranks, filters, or imitates observed behavior rather than preserving unrealized branches.",The observed outcome is enough to supervise the model.,"Contact mode support, embodiment limits, and deployment perturbations.","Branch collapse, hidden-mode shift, and tail-risk planning failures.",Generic world models and generic uncertainty are crowded.,Policy hysteresis in contact tasks keeps action-critical alternatives explicit until a physical observation collapses them.
67,doi:10.1109/lra.2020.2996067,Data-Efficient Model Learning and Prediction for Contact-Rich Manipulation Tasks,2020,IEEE Robotics and Automation Letters,https://doi.org/10.1109/lra.2020.2996067,Addresses contact-rich robot policy learning or a neighboring robotics mechanism.,"Prior work usually predicts, ranks, filters, or imitates observed behavior rather than preserving unrealized branches.",The observed outcome is enough to supervise the model.,"Contact mode support, embodiment limits, and deployment perturbations.","Branch collapse, hidden-mode shift, and tail-risk planning failures.",Generic world models and generic uncertainty are crowded.,Policy hysteresis in contact tasks keeps action-critical alternatives explicit until a physical observation collapses them.
68,doi:10.1109/iros58592.2024.10801764,RTTF: Rapid Tactile Transfer Framework for Contact-Rich Manipulation Tasks,2024,2024 IEEE/RSJ International Conference on Intelligent Robots and Systems (IROS),https://doi.org/10.1109/iros58592.2024.10801764,Addresses contact-rich robot policy learning or a neighboring robotics mechanism.,"Prior work usually predicts, ranks, filters, or imitates observed behavior rather than preserving unrealized branches.",The observed outcome is enough to supervise the model.,"Contact mode support, embodiment limits, and deployment perturbations.","Branch collapse, hidden-mode shift, and tail-risk planning failures.",Generic world models and generic uncertainty are crowded.,Policy hysteresis in contact tasks keeps action-critical alternatives explicit until a physical observation collapses them.
69,doi:10.1109/icra55743.2025.11127842,LEMMo-Plan: LLM-Enhanced Learning from Multi-Modal Demonstration for Planning Sequential Contact-Rich Manipulation Tasks,2025,2025 IEEE International Conference on Robotics and Automation (ICRA),https://doi.org/10.1109/icra55743.2025.11127842,Addresses contact-rich robot policy learning or a neighboring robotics mechanism.,"Prior work usually predicts, ranks, filters, or imitates observed behavior rather than preserving unrealized branches.",The observed outcome is enough to supervise the model.,"Contact mode support, embodiment limits, and deployment perturbations.","Branch collapse, hidden-mode shift, and tail-risk planning failures.",Generic world models and generic uncertainty are crowded.,Policy hysteresis in contact tasks keeps action-critical alternatives explicit until a physical observation collapses them.
70,doi:10.3390/s20195493,Deep Reinforcement Learning for Indoor Mobile Robot Path Planning,2020,Sensors,https://doi.org/10.3390/s20195493,Addresses contact-rich robot policy learning or a neighboring robotics mechanism.,"Prior work usually predicts, ranks, filters, or imitates observed behavior rather than preserving unrealized branches.",The observed outcome is enough to supervise the model.,"Contact mode support, embodiment limits, and deployment perturbations.","Branch collapse, hidden-mode shift, and tail-risk planning failures.",Generic world models and generic uncertainty are crowded.,Policy hysteresis in contact tasks keeps action-critical alternatives explicit until a physical observation collapses them.
71,doi:10.31763/ijrcs.v5i4.2004,A Survey of RRT* Variants and Enhancements for Robotic Path Planning,2025,International Journal of Robotics and Control Systems,https://doi.org/10.31763/ijrcs.v5i4.2004,Addresses contact-rich robot policy learning or a neighboring robotics mechanism.,"Prior work usually predicts, ranks, filters, or imitates observed behavior rather than preserving unrealized branches.",The observed outcome is enough to supervise the model.,"Contact mode support, embodiment limits, and deployment perturbations.","Branch collapse, hidden-mode shift, and tail-risk planning failures.",Generic world models and generic uncertainty are crowded.,Policy hysteresis in contact tasks keeps action-critical alternatives explicit until a physical observation collapses them.
72,doi:10.1109/lra.2021.3061982,Policy Blending and Recombination for Multimodal Contact-Rich Tasks,2021,IEEE Robotics and Automation Letters,https://doi.org/10.1109/lra.2021.3061982,Addresses contact-rich robot policy learning or a neighboring robotics mechanism.,"Prior work usually predicts, ranks, filters, or imitates observed behavior rather than preserving unrealized branches.",The observed outcome is enough to supervise the model.,"Contact mode support, embodiment limits, and deployment perturbations.","Branch collapse, hidden-mode shift, and tail-risk planning failures.",Generic world models and generic uncertainty are crowded.,Policy hysteresis in contact tasks keeps action-critical alternatives explicit until a physical observation collapses them.
73,doi:10.1109/case56687.2023.10260413,Using Knowledge Representation and Task Planning for Robot-agnostic Skills on the Example of Contact-Rich Wiping Tasks,2023,2023 IEEE 19th International Conference on Automation Science and Engineering (CASE),https://doi.org/10.1109/case56687.2023.10260413,Addresses contact-rich robot policy learning or a neighboring robotics mechanism.,"Prior work usually predicts, ranks, filters, or imitates observed behavior rather than preserving unrealized branches.",The observed outcome is enough to supervise the model.,"Contact mode support, embodiment limits, and deployment perturbations.","Branch collapse, hidden-mode shift, and tail-risk planning failures.",Generic world models and generic uncertainty are crowded.,Policy hysteresis in contact tasks keeps action-critical alternatives explicit until a physical observation collapses them.
74,arxiv:2011.08458v1,Learning Dense Rewards for Contact-Rich Manipulation Tasks,2020,arXiv,http://arxiv.org/abs/2011.08458v1,Addresses contact-rich robot policy learning or a neighboring robotics mechanism.,"Prior work usually predicts, ranks, filters, or imitates observed behavior rather than preserving unrealized branches.",The observed outcome is enough to supervise the model.,"Contact mode support, embodiment limits, and deployment perturbations.","Branch collapse, hidden-mode shift, and tail-risk planning failures.",Generic world models and generic uncertainty are crowded.,Policy hysteresis in contact tasks keeps action-critical alternatives explicit until a physical observation collapses them.
75,arxiv:2509.16550v1,TranTac: Leveraging Transient Tactile Signals for Contact-Rich Robotic Manipulation,2025,arXiv,http://arxiv.org/abs/2509.16550v1,Addresses contact-rich robot policy learning or a neighboring robotics mechanism.,"Prior work usually predicts, ranks, filters, or imitates observed behavior rather than preserving unrealized branches.",The observed outcome is enough to supervise the model.,"Contact mode support, embodiment limits, and deployment perturbations.","Branch collapse, hidden-mode shift, and tail-risk planning failures.",Generic world models and generic uncertainty are crowded.,Policy hysteresis in contact tasks keeps action-critical alternatives explicit until a physical observation collapses them.
76,arxiv:2512.23864v3,Learning to Feel the Future: DreamTacVLA for Contact-Rich Manipulation,2025,arXiv,http://arxiv.org/abs/2512.23864v3,Addresses contact-rich robot policy learning or a neighboring robotics mechanism.,"Prior work usually predicts, ranks, filters, or imitates observed behavior rather than preserving unrealized branches.",The observed outcome is enough to supervise the model.,"Contact mode support, embodiment limits, and deployment perturbations.","Branch collapse, hidden-mode shift, and tail-risk planning failures.",Generic world models and generic uncertainty are crowded.,Policy hysteresis in contact tasks keeps action-critical alternatives explicit until a physical observation collapses them.
77,arxiv:2509.19047v1,ManipForce: Force-Guided Policy Learning with Frequency-Aware Representation for Contact-Rich Manipulation,2025,arXiv,http://arxiv.org/abs/2509.19047v1,Addresses contact-rich robot policy learning or a neighboring robotics mechanism.,"Prior work usually predicts, ranks, filters, or imitates observed behavior rather than preserving unrealized branches.",The observed outcome is enough to supervise the model.,"Contact mode support, embodiment limits, and deployment perturbations.","Branch collapse, hidden-mode shift, and tail-risk planning failures.",Generic world models and generic uncertainty are crowded.,Policy hysteresis in contact tasks keeps action-critical alternatives explicit until a physical observation collapses them.
78,arxiv:2506.00351v2,Recasting Classical Motion Planning for Contact-Rich Manipulation,2025,arXiv,http://arxiv.org/abs/2506.00351v2,Addresses contact-rich robot policy learning or a neighboring robotics mechanism.,"Prior work usually predicts, ranks, filters, or imitates observed behavior rather than preserving unrealized branches.",The observed outcome is enough to supervise the model.,"Contact mode support, embodiment limits, and deployment perturbations.","Branch collapse, hidden-mode shift, and tail-risk planning failures.",Generic world models and generic uncertainty are crowded.,Policy hysteresis in contact tasks keeps action-critical alternatives explicit until a physical observation collapses them.
79,arxiv:2503.08548v1,TLA: Tactile-Language-Action Model for Contact-Rich Manipulation,2025,arXiv,http://arxiv.org/abs/2503.08548v1,Addresses contact-rich robot policy learning or a neighboring robotics mechanism.,"Prior work usually predicts, ranks, filters, or imitates observed behavior rather than preserving unrealized branches.",The observed outcome is enough to supervise the model.,"Contact mode support, embodiment limits, and deployment perturbations.","Branch collapse, hidden-mode shift, and tail-risk planning failures.",Generic world models and generic uncertainty are crowded.,Policy hysteresis in contact tasks keeps action-critical alternatives explicit until a physical observation collapses them.
80,doi:10.3390/sym18030394,PI-VLA: Adaptive Symmetry-Aware Decision-Making for Long-Horizon Vision–Language–Action Manipulation,2026,Symmetry,https://doi.org/10.3390/sym18030394,Addresses contact-rich robot policy learning or a neighboring robotics mechanism.,"Prior work usually predicts, ranks, filters, or imitates observed behavior rather than preserving unrealized branches.",The observed outcome is enough to supervise the model.,"Contact mode support, embodiment limits, and deployment perturbations.","Branch collapse, hidden-mode shift, and tail-risk planning failures.",Generic world models and generic uncertainty are crowded.,Policy hysteresis in contact tasks keeps action-critical alternatives explicit until a physical observation collapses them.
81,doi:10.3390/robotics15010023,Autonomous Mobile Robot Path Planning Techniques—A Review: Metaheuristic and Cognitive Techniques,2026,Robotics,https://doi.org/10.3390/robotics15010023,Addresses contact-rich robot policy learning or a neighboring robotics mechanism.,"Prior work usually predicts, ranks, filters, or imitates observed behavior rather than preserving unrealized branches.",The observed outcome is enough to supervise the model.,"Contact mode support, embodiment limits, and deployment perturbations.","Branch collapse, hidden-mode shift, and tail-risk planning failures.",Generic world models and generic uncertainty are crowded.,Policy hysteresis in contact tasks keeps action-critical alternatives explicit until a physical observation collapses them.
82,doi:10.1109/case59546.2024.10711473,Robotic Learning of Haptic Skills from Expert Demonstration for Contact-Rich Manufacturing Tasks,2024,2024 IEEE 20th International Conference on Automation Science and Engineering (CASE),https://doi.org/10.1109/case59546.2024.10711473,Addresses contact-rich robot policy learning or a neighboring robotics mechanism.,"Prior work usually predicts, ranks, filters, or imitates observed behavior rather than preserving unrealized branches.",The observed outcome is enough to supervise the model.,"Contact mode support, embodiment limits, and deployment perturbations.","Branch collapse, hidden-mode shift, and tail-risk planning failures.",Generic world models and generic uncertainty are crowded.,Policy hysteresis in contact tasks keeps action-critical alternatives explicit until a physical observation collapses them.
83,doi:10.18196/jrc.v6i1.24097,Machine Learning Paradigms for UAV Path Planning: Review and Challenges,2025,Journal of Robotics and Control (JRC),https://doi.org/10.18196/jrc.v6i1.24097,Addresses contact-rich robot policy learning or a neighboring robotics mechanism.,"Prior work usually predicts, ranks, filters, or imitates observed behavior rather than preserving unrealized branches.",The observed outcome is enough to supervise the model.,"Contact mode support, embodiment limits, and deployment perturbations.","Branch collapse, hidden-mode shift, and tail-risk planning failures.",Generic world models and generic uncertainty are crowded.,Policy hysteresis in contact tasks keeps action-critical alternatives explicit until a physical observation collapses them.
84,doi:10.3390/robotics15060108,Pose-Constrained Path Optimization for Manipulators with Contact Feedback from Sparse Waypoints,2026,Robotics,https://doi.org/10.3390/robotics15060108,Addresses contact-rich robot policy learning or a neighboring robotics mechanism.,"Prior work usually predicts, ranks, filters, or imitates observed behavior rather than preserving unrealized branches.",The observed outcome is enough to supervise the model.,"Contact mode support, embodiment limits, and deployment perturbations.","Branch collapse, hidden-mode shift, and tail-risk planning failures.",Generic world models and generic uncertainty are crowded.,Policy hysteresis in contact tasks keeps action-critical alternatives explicit until a physical observation collapses them.
85,doi:10.1108/ir-03-2025-0080,Human-assisted reinforcement learning and dynamic force patterns in contact-rich manipulation for robotic disassembly,2026,Industrial Robot: the international journal of robotics research and application,https://doi.org/10.1108/ir-03-2025-0080,Addresses contact-rich robot policy learning or a neighboring robotics mechanism.,"Prior work usually predicts, ranks, filters, or imitates observed behavior rather than preserving unrealized branches.",The observed outcome is enough to supervise the model.,"Contact mode support, embodiment limits, and deployment perturbations.","Branch collapse, hidden-mode shift, and tail-risk planning failures.",Generic world models and generic uncertainty are crowded.,Policy hysteresis in contact tasks keeps action-critical alternatives explicit until a physical observation collapses them.
86,arxiv:2412.09743v3,Should We Learn Contact-Rich Manipulation Policies from Sampling-Based Planners?,2024,arXiv,http://arxiv.org/abs/2412.09743v3,Addresses contact-rich robot policy learning or a neighboring robotics mechanism.,"Prior work usually predicts, ranks, filters, or imitates observed behavior rather than preserving unrealized branches.",The observed outcome is enough to supervise the model.,"Contact mode support, embodiment limits, and deployment perturbations.","Branch collapse, hidden-mode shift, and tail-risk planning failures.",Generic world models and generic uncertainty are crowded.,Policy hysteresis in contact tasks keeps action-critical alternatives explicit until a physical observation collapses them.
87,arxiv:2410.17246v2,"Learning Precise, Contact-Rich Manipulation through Uncalibrated Tactile Skins",2024,arXiv,http://arxiv.org/abs/2410.17246v2,Addresses contact-rich robot policy learning or a neighboring robotics mechanism.,"Prior work usually predicts, ranks, filters, or imitates observed behavior rather than preserving unrealized branches.",The observed outcome is enough to supervise the model.,"Contact mode support, embodiment limits, and deployment perturbations.","Branch collapse, hidden-mode shift, and tail-risk planning failures.",Generic world models and generic uncertainty are crowded.,Policy hysteresis in contact tasks keeps action-critical alternatives explicit until a physical observation collapses them.
88,doi:10.1115/1.4038978,Contact-Dependent Balance Stability of Biped Robots,2018,Journal of Mechanisms and Robotics,https://doi.org/10.1115/1.4038978,Addresses contact-rich robot policy learning or a neighboring robotics mechanism.,"Prior work usually predicts, ranks, filters, or imitates observed behavior rather than preserving unrealized branches.",The observed outcome is enough to supervise the model.,"Contact mode support, embodiment limits, and deployment perturbations.","Branch collapse, hidden-mode shift, and tail-risk planning failures.",Generic world models and generic uncertainty are crowded.,Policy hysteresis in contact tasks keeps action-critical alternatives explicit until a physical observation collapses them.
89,doi:10.1109/iros51168.2021.9636440,Seeing All the Angles: Learning Multiview Manipulation Policies for Contact-Rich Tasks from Demonstrations,2021,2021 IEEE/RSJ International Conference on Intelligent Robots and Systems (IROS),https://doi.org/10.1109/iros51168.2021.9636440,Addresses contact-rich robot policy learning or a neighboring robotics mechanism.,"Prior work usually predicts, ranks, filters, or imitates observed behavior rather than preserving unrealized branches.",The observed outcome is enough to supervise the model.,"Contact mode support, embodiment limits, and deployment perturbations.","Branch collapse, hidden-mode shift, and tail-risk planning failures.",Generic world models and generic uncertainty are crowded.,Policy hysteresis in contact tasks keeps action-critical alternatives explicit until a physical observation collapses them.
90,doi:10.1109/lra.2025.3597864,From Composable Models to Correct-by-Construction Software for Contact-Rich Robotic Mobile-Manipulation Tasks,2025,IEEE Robotics and Automation Letters,https://doi.org/10.1109/lra.2025.3597864,Addresses contact-rich robot policy learning or a neighboring robotics mechanism.,"Prior work usually predicts, ranks, filters, or imitates observed behavior rather than preserving unrealized branches.",The observed outcome is enough to supervise the model.,"Contact mode support, embodiment limits, and deployment perturbations.","Branch collapse, hidden-mode shift, and tail-risk planning failures.",Generic world models and generic uncertainty are crowded.,Policy hysteresis in contact tasks keeps action-critical alternatives explicit until a physical observation collapses them.
91,doi:10.1109/raai67517.2025.11423198,A Telemanipulation System with Constraint-Aware Shared-Control for Contact-Rich Robot Tasks,2025,"2025 5th International Conference on Robotics, Automation, and Artificial Intelligence (RAAI)",https://doi.org/10.1109/raai67517.2025.11423198,Addresses contact-rich robot policy learning or a neighboring robotics mechanism.,"Prior work usually predicts, ranks, filters, or imitates observed behavior rather than preserving unrealized branches.",The observed outcome is enough to supervise the model.,"Contact mode support, embodiment limits, and deployment perturbations.","Branch collapse, hidden-mode shift, and tail-risk planning failures.",Generic world models and generic uncertainty are crowded.,Policy hysteresis in contact tasks keeps action-critical alternatives explicit until a physical observation collapses them.
92,doi:10.1109/case58245.2025.11164000,Teaching contact-rich tasks from visual demonstrations by constraint extraction,2025,2025 IEEE 21st International Conference on Automation Science and Engineering (CASE),https://doi.org/10.1109/case58245.2025.11164000,Addresses contact-rich robot policy learning or a neighboring robotics mechanism.,"Prior work usually predicts, ranks, filters, or imitates observed behavior rather than preserving unrealized branches.",The observed outcome is enough to supervise the model.,"Contact mode support, embodiment limits, and deployment perturbations.","Branch collapse, hidden-mode shift, and tail-risk planning failures.",Generic world models and generic uncertainty are crowded.,Policy hysteresis in contact tasks keeps action-critical alternatives explicit until a physical observation collapses them.
93,doi:10.1080/01691864.2026.2651286,Unsupervised motion primitive identification under translational physical constraints in contact-rich tasks,2026,Advanced Robotics,https://doi.org/10.1080/01691864.2026.2651286,Addresses contact-rich robot policy learning or a neighboring robotics mechanism.,"Prior work usually predicts, ranks, filters, or imitates observed behavior rather than preserving unrealized branches.",The observed outcome is enough to supervise the model.,"Contact mode support, embodiment limits, and deployment perturbations.","Branch collapse, hidden-mode shift, and tail-risk planning failures.",Generic world models and generic uncertainty are crowded.,Policy hysteresis in contact tasks keeps action-critical alternatives explicit until a physical observation collapses them.
94,doi:10.1109/iros60139.2025.11247255,Optimization Based Human-Guided Variable-Stiffness Visual Impedance Control for Contact-Rich Tasks,2025,2025 IEEE/RSJ International Conference on Intelligent Robots and Systems (IROS),https://doi.org/10.1109/iros60139.2025.11247255,Addresses contact-rich robot policy learning or a neighboring robotics mechanism.,"Prior work usually predicts, ranks, filters, or imitates observed behavior rather than preserving unrealized branches.",The observed outcome is enough to supervise the model.,"Contact mode support, embodiment limits, and deployment perturbations.","Branch collapse, hidden-mode shift, and tail-risk planning failures.",Generic world models and generic uncertainty are crowded.,Policy hysteresis in contact tasks keeps action-critical alternatives explicit until a physical observation collapses them.
95,doi:10.1007/s40430-026-06425-3,Robot grinding and polishing path planning for free-form surfaces based on a dynamic tool-surface contact model,2026,Journal of the Brazilian Society of Mechanical Sciences and Engineering,https://doi.org/10.1007/s40430-026-06425-3,Addresses contact-rich robot policy learning or a neighboring robotics mechanism.,"Prior work usually predicts, ranks, filters, or imitates observed behavior rather than preserving unrealized branches.",The observed outcome is enough to supervise the model.,"Contact mode support, embodiment limits, and deployment perturbations.","Branch collapse, hidden-mode shift, and tail-risk planning failures.",Generic world models and generic uncertainty are crowded.,Policy hysteresis in contact tasks keeps action-critical alternatives explicit until a physical observation collapses them.
96,doi:10.1016/j.ifacol.2020.12.2687,Variable-Impedance and Force Control for Robust Learning of Contact-rich Manipulation Tasks from User Demonstration,2020,IFAC-PapersOnLine,https://doi.org/10.1016/j.ifacol.2020.12.2687,Addresses contact-rich robot policy learning or a neighboring robotics mechanism.,"Prior work usually predicts, ranks, filters, or imitates observed behavior rather than preserving unrealized branches.",The observed outcome is enough to supervise the model.,"Contact mode support, embodiment limits, and deployment perturbations.","Branch collapse, hidden-mode shift, and tail-risk planning failures.",Generic world models and generic uncertainty are crowded.,Policy hysteresis in contact tasks keeps action-critical alternatives explicit until a physical observation collapses them.
97,doi:10.1109/icus66297.2025.11295583,FrmRRT*: Sampling-based Multi-robot Formation Safe Path Planning in Obstacle-rich Environments,2025,2025 IEEE International Conference on Unmanned Systems (ICUS),https://doi.org/10.1109/icus66297.2025.11295583,Addresses contact-rich robot policy learning or a neighboring robotics mechanism.,"Prior work usually predicts, ranks, filters, or imitates observed behavior rather than preserving unrealized branches.",The observed outcome is enough to supervise the model.,"Contact mode support, embodiment limits, and deployment perturbations.","Branch collapse, hidden-mode shift, and tail-risk planning failures.",Generic world models and generic uncertainty are crowded.,Policy hysteresis in contact tasks keeps action-critical alternatives explicit until a physical observation collapses them.
98,doi:10.1017/s0263574724000481,Multi-objective optimal trajectory planning for robot manipulator attention to end-effector path limitation,2024,Robotica,https://doi.org/10.1017/s0263574724000481,Addresses contact-rich robot policy learning or a neighboring robotics mechanism.,"Prior work usually predicts, ranks, filters, or imitates observed behavior rather than preserving unrealized branches.",The observed outcome is enough to supervise the model.,"Contact mode support, embodiment limits, and deployment perturbations.","Branch collapse, hidden-mode shift, and tail-risk planning failures.",Generic world models and generic uncertainty are crowded.,Policy hysteresis in contact tasks keeps action-critical alternatives explicit until a physical observation collapses them.
99,arxiv:2603.12510v3,Red-Teaming Vision-Language-Action Models via Quality Diversity Prompt Generation for Robust Robot Policies,2026,arXiv,http://arxiv.org/abs/2603.12510v3,Addresses contact-rich robot policy learning or a neighboring robotics mechanism.,"Prior work usually predicts, ranks, filters, or imitates observed behavior rather than preserving unrealized branches.",The observed outcome is enough to supervise the model.,"Contact mode support, embodiment limits, and deployment perturbations.","Branch collapse, hidden-mode shift, and tail-risk planning failures.",Generic world models and generic uncertainty are crowded.,Policy hysteresis in contact tasks keeps action-critical alternatives explicit until a physical observation collapses them.
100,doi:10.1016/j.procir.2021.11.082,Analytical Joining Models for Learning Contact-Rich Cabinet Assembly Tasks from Simulation,2021,Procedia CIRP,https://doi.org/10.1016/j.procir.2021.11.082,Addresses contact-rich robot policy learning or a neighboring robotics mechanism.,"Prior work usually predicts, ranks, filters, or imitates observed behavior rather than preserving unrealized branches.",The observed outcome is enough to supervise the model.,"Contact mode support, embodiment limits, and deployment perturbations.","Branch collapse, hidden-mode shift, and tail-risk planning failures.",Generic world models and generic uncertainty are crowded.,Policy hysteresis in contact tasks keeps action-critical alternatives explicit until a physical observation collapses them.
